ClientIP,Status_code
192.168.29.137, 200 
192.168.29.137, 200 
192.168.29.137, 200 
192.168.29.137, 200 
192.168.29.137, 200 
192.168.29.137, 200 
192.168.29.137, 200 
192.168.29.137, 200 
192.168.29.137, 200 
192.168.29.137, 200 
192.168.29.137, 200 
192.168.29.137, 200 
192.168.29.137, 200 
192.168.29.137, 200 
192.168.29.137, 200 
192.168.29.137, 200 
192.168.29.137, 200 
192.168.29.137, 200 
192.168.29.137, 200 
192.168.29.137, 200 
192.168.29.137, 200 
192.168.29.137, 200 
192.168.29.137, 200 
192.168.29.137, 200 
192.168.29.137, 200 
192.168.29.137, 200 
192.168.29.137, 200 
192.168.29.137, 200 
192.168.29.137, 200 
192.168.29.137, 200 
192.168.29.137, 200 
192.168.29.137, 200 
192.168.29.137, 200 
192.168.29.137, 200 
192.168.29.137, 200 
192.168.29.137, 200 
192.168.29.137, 200 
192.168.29.137, 200 
192.168.29.137, 200 
192.168.29.137, 200 
192.168.29.137, 200 
192.168.29.137, 200 
192.168.29.137, 200 
192.168.29.137, 200 
192.168.29.137, 200 
192.168.29.137, 200 
192.168.29.137, 200 
192.168.29.137, 200 
192.168.29.137, 200 
192.168.29.137, 200 
192.168.29.137, 200 
192.168.29.137, 200 
192.168.29.137, 200 
192.168.29.137, 200 
192.168.29.137, 200 
192.168.29.137, 200 
192.168.29.137, 200 
192.168.29.137, 200 
192.168.29.137, 200 
192.168.29.137, 200 
192.168.29.137, 200 
192.168.29.137, 200 
192.168.29.137, 200 
192.168.29.137, 200 
192.168.29.137, 200 
192.168.29.137, 200 
192.168.29.137, 200 
192.168.29.137, 200 
192.168.29.137, 200 
192.168.29.137, 200 
192.168.29.137, 200 
192.168.29.137, 200 
192.168.29.137, 200 
192.168.29.137, 200 
192.168.29.137, 200 
192.168.29.137, 200 
192.168.29.137, 200 
192.168.29.137, 200 
192.168.29.137, 200 
192.168.29.137, 200 
192.168.29.137, 200 
192.168.29.137, 200 
192.168.29.137, 200 
192.168.29.137, 200 
192.168.29.137, 200 
192.168.29.137, 200 
192.168.29.137, 200 
192.168.29.137, 200 
192.168.29.137, 200 
192.168.29.137, 200 
192.168.29.137, 200 
192.168.29.137, 200 
192.168.29.137, 200 
192.168.29.137, 200 
192.168.29.137, 200 
192.168.29.137, 200 
192.168.29.137, 200 
192.168.29.137, 200 
192.168.29.137, 200 
192.168.29.137, 200 
192.168.29.137, 200 
192.168.29.101, 200 
192.168.29.101, 200 
192.168.29.101, 200 
192.168.29.101, 200 
192.168.29.101, 200 
192.168.29.101, 200 
192.168.29.101, 200 
192.168.29.101, 200 
192.168.29.101, 200 
192.168.29.101, 200 
192.168.29.101, 200 
192.168.29.101, 200 
192.168.29.101, 200 
192.168.29.101, 200 
192.168.29.101, 200 
192.168.29.101, 200 
192.168.29.101, 200 
192.168.29.101, 200 
192.168.29.101, 200 
192.168.29.101, 200 
192.168.29.101, 200 
192.168.29.101, 200 
192.168.29.101, 200 
192.168.29.101, 200 
192.168.29.101, 200 
192.168.29.101, 200 
192.168.29.101, 200 
192.168.29.101, 200 
192.168.29.101, 200 
192.168.29.101, 200 
192.168.29.101, 200 
192.168.29.101, 200 
192.168.29.101, 200 
192.168.29.101, 200 
192.168.29.101, 200 
192.168.29.101, 200 
192.168.29.101, 200 
192.168.29.101, 200 
192.168.29.101, 200 
192.168.29.101, 200 
192.168.29.101, 200 
192.168.29.101, 200 
192.168.29.101, 200 
192.168.29.101, 200 
192.168.29.101, 200 
192.168.29.101, 200 
192.168.29.101, 200 
192.168.29.101, 200 
192.168.29.101, 200 
192.168.29.101, 200 
192.168.29.101, 200 
192.168.29.101, 200 
192.168.29.101, 200 
192.168.29.101, 200 
192.168.29.101, 200 
192.168.29.101, 200 
192.168.29.101, 200 
192.168.29.101, 200 
192.168.29.101, 200 
192.168.29.101, 200 
192.168.29.101, 200 
192.168.29.101, 200 
192.168.29.101, 200 
192.168.29.101, 200 
192.168.29.101, 200 
192.168.29.101, 200 
192.168.29.101, 200 
192.168.29.101, 200 
192.168.29.101, 200 
192.168.29.101, 200 
192.168.29.101, 200 
192.168.29.101, 200 
192.168.29.101, 200 
192.168.29.101, 200 
192.168.29.101, 200 
192.168.29.101, 200 
192.168.29.101, 200 
192.168.29.101, 200 
192.168.29.101, 200 
192.168.29.101, 200 
192.168.29.101, 200 
192.168.29.101, 200 
192.168.29.101, 200 
192.168.29.101, 200 
192.168.29.101, 200 
192.168.29.101, 200 
192.168.29.101, 200 
192.168.29.101, 200 
192.168.29.101, 200 
192.168.29.101, 200 
192.168.29.101, 200 
192.168.29.101, 200 
192.168.29.101, 200 
192.168.29.101, 200 
192.168.29.101, 200 
192.168.29.101, 200 
192.168.29.101, 200 
192.168.29.101, 200 
192.168.29.101, 200 
192.168.29.101, 200 
192.168.29.101, 200 
192.168.29.101, 200 
192.168.29.101, 200 
192.168.29.101, 200 
192.168.29.101, 200 
192.168.29.101, 200 
192.168.29.101, 200 
192.168.29.101, 200 
192.168.29.101, 200 
192.168.29.101, 200 
192.168.29.101, 200 
192.168.29.101, 200 
192.168.29.101, 200 
192.168.29.101, 200 
192.168.29.101, 200 
192.168.29.101, 200 
192.168.29.101, 200 
192.168.29.101, 200 
192.168.29.101, 200 
192.168.29.101, 200 
192.168.29.101, 200 
192.168.29.101, 200 
192.168.29.101, 200 
192.168.29.101, 200 
192.168.29.101, 200 
192.168.29.101, 200 
192.168.29.101, 200 
192.168.29.101, 200 
192.168.29.101, 200 
192.168.29.101, 200 
192.168.29.101, 200 
192.168.29.101, 200 
192.168.29.101, 200 
192.168.29.101, 200 
192.168.29.101, 200 
192.168.29.101, 200 
192.168.29.101, 200 
192.168.29.101, 200 
192.168.29.101, 200 
192.168.29.101, 200 
192.168.29.101, 200 
192.168.29.101, 200 
192.168.29.101, 200 
192.168.29.101, 200 
192.168.29.101, 200 
192.168.29.101, 200 
192.168.29.101, 200 
192.168.29.101, 200 
192.168.29.101, 200 
192.168.29.101, 200 
192.168.29.101, 200 
192.168.29.101, 200 
192.168.29.101, 200 
192.168.29.101, 200 
192.168.29.101, 200 
192.168.29.101, 200 
192.168.29.101, 200 
192.168.29.101, 200 
192.168.29.101, 200 
192.168.29.101, 200 
192.168.29.101, 200 
192.168.29.101, 200 
192.168.29.101, 200 
192.168.29.101, 200 
192.168.29.101, 200 
192.168.29.101, 200 
192.168.29.101, 200 
192.168.29.101, 200 
192.168.29.101, 200 
192.168.29.101, 200 
192.168.29.101, 200 
192.168.29.101, 200 
192.168.29.101, 200 
192.168.29.101, 200 
192.168.29.101, 200 
192.168.29.101, 200 
192.168.29.101, 200 
192.168.29.101, 200 
192.168.29.101, 200 
192.168.29.101, 200 
192.168.29.101, 200 
192.168.29.101, 200 
192.168.29.101, 200 
192.168.29.101, 200 
192.168.29.101, 200 
192.168.29.101, 200 
192.168.29.101, 200 
192.168.29.101, 200 
192.168.29.101, 200 
192.168.29.101, 200 
192.168.29.101, 200 
192.168.29.101, 200 
192.168.29.101, 200 
192.168.29.101, 200 
192.168.29.101, 200 
192.168.29.101, 200 
192.168.29.101, 200 
192.168.29.101, 200 
192.168.29.101, 200 
192.168.29.101, 200 
192.168.43.137, 200 
192.168.43.137, 200 
192.168.43.137, 200 
192.168.43.137, 200 
192.168.43.137, 200 
192.168.43.137, 200 
192.168.43.137, 200 
192.168.43.137, 200 
192.168.43.137, 200 
192.168.43.137, 200 
192.168.43.137, 200 
192.168.43.137, 200 
192.168.43.137, 200 
192.168.43.137, 200 
192.168.43.137, 200 
192.168.43.137, 200 
192.168.43.137, 200 
192.168.43.137, 200 
192.168.43.137, 200 
192.168.43.137, 200 
192.168.43.137, 200 
192.168.43.137, 200 
192.168.43.137, 200 
192.168.43.137, 200 
192.168.43.137, 200 
192.168.43.137, 200 
192.168.43.137, 200 
192.168.43.137, 200 
192.168.43.137, 200 
192.168.43.137, 200 
192.168.43.137, 200 
192.168.43.137, 200 
192.168.43.137, 200 
192.168.43.137, 200 
192.168.43.137, 200 
192.168.43.137, 200 
192.168.43.137, 200 
192.168.43.137, 200 
192.168.43.137, 200 
192.168.43.137, 200 
192.168.43.137, 200 
192.168.43.137, 200 
192.168.43.137, 200 
192.168.43.137, 200 
192.168.43.137, 200 
192.168.43.137, 200 
192.168.43.137, 200 
192.168.43.137, 200 
192.168.43.137, 200 
192.168.43.137, 200 
192.168.43.137, 200 
192.168.43.137, 200 
192.168.43.137, 200 
192.168.43.137, 200 
192.168.43.137, 200 
192.168.43.137, 200 
192.168.43.137, 200 
192.168.43.137, 200 
192.168.43.137, 200 
192.168.43.137, 200 
192.168.43.137, 200 
192.168.43.137, 200 
192.168.43.137, 200 
192.168.43.137, 200 
192.168.43.137, 200 
192.168.43.137, 200 
192.168.43.137, 200 
192.168.43.137, 200 
192.168.43.137, 200 
192.168.43.137, 200 
192.168.43.137, 200 
192.168.43.137, 200 
192.168.43.137, 200 
192.168.43.137, 200 
192.168.43.137, 200 
192.168.43.137, 200 
192.168.43.137, 200 
192.168.43.137, 200 
192.168.43.137, 200 
192.168.43.137, 200 
192.168.43.137, 200 
192.168.43.137, 200 
192.168.43.137, 200 
192.168.43.137, 200 
192.168.43.137, 200 
192.168.43.137, 200 
192.168.43.137, 200 
192.168.43.137, 200 
192.168.43.137, 200 
192.168.43.137, 200 
192.168.43.137, 200 
192.168.43.137, 200 
192.168.43.137, 200 
192.168.43.137, 200 
192.168.43.137, 200 
192.168.43.137, 200 
192.168.43.137, 200 
192.168.43.137, 200 
192.168.43.137, 200 
192.168.43.137, 200 
192.168.43.101, 200 
192.168.43.101, 200 
192.168.43.101, 200 
192.168.43.101, 200 
192.168.43.101, 200 
192.168.43.101, 200 
192.168.43.101, 200 
192.168.43.101, 200 
192.168.43.101, 200 
192.168.43.101, 200 
192.168.43.101, 200 
192.168.43.101, 200 
192.168.43.101, 200 
192.168.43.101, 200 
192.168.43.101, 200 
192.168.43.101, 200 
192.168.43.101, 200 
192.168.43.101, 200 
192.168.43.101, 200 
192.168.43.101, 200 
192.168.43.101, 200 
192.168.43.101, 200 
192.168.43.101, 200 
192.168.43.101, 200 
192.168.43.101, 200 
192.168.43.101, 200 
192.168.43.101, 200 
192.168.43.101, 200 
192.168.43.101, 200 
192.168.43.101, 200 
192.168.43.101, 200 
192.168.43.101, 200 
192.168.43.101, 200 
192.168.43.101, 200 
192.168.43.101, 200 
192.168.43.101, 200 
192.168.43.101, 200 
192.168.43.101, 200 
192.168.43.101, 200 
192.168.43.101, 200 
192.168.43.101, 200 
192.168.43.101, 200 
192.168.43.101, 200 
192.168.43.101, 200 
192.168.43.101, 200 
192.168.43.101, 200 
192.168.43.101, 200 
192.168.43.101, 200 
192.168.43.101, 200 
192.168.43.101, 200 
192.168.43.101, 200 
192.168.43.101, 200 
192.168.43.101, 200 
192.168.43.101, 200 
192.168.43.101, 200 
192.168.43.101, 200 
192.168.43.101, 200 
192.168.43.101, 200 
192.168.43.101, 200 
192.168.43.101, 200 
192.168.43.101, 200 
192.168.43.101, 200 
192.168.43.101, 200 
192.168.43.101, 200 
192.168.43.101, 200 
192.168.43.101, 200 
192.168.43.101, 200 
192.168.43.101, 200 
192.168.43.101, 200 
192.168.43.101, 200 
192.168.43.101, 200 
192.168.43.101, 200 
192.168.43.101, 200 
192.168.43.101, 200 
192.168.43.101, 200 
192.168.43.101, 200 
192.168.43.101, 200 
192.168.43.101, 200 
192.168.43.101, 200 
192.168.43.101, 200 
192.168.43.101, 200 
192.168.43.101, 200 
192.168.43.101, 200 
192.168.43.101, 200 
192.168.43.101, 200 
192.168.43.101, 200 
192.168.43.101, 200 
192.168.43.101, 200 
192.168.43.101, 200 
192.168.43.101, 200 
192.168.43.101, 200 
192.168.43.101, 200 
192.168.43.101, 200 
192.168.43.101, 200 
192.168.43.101, 200 
192.168.43.101, 200 
192.168.43.101, 200 
192.168.43.101, 200 
192.168.43.101, 200 
192.168.43.101, 200 
192.168.43.85, 200 
192.168.43.85, 200 
192.168.43.85, 200 
192.168.43.85, 200 
192.168.43.85, 200 
192.168.43.85, 200 
192.168.43.85, 200 
192.168.43.85, 200 
192.168.43.85, 200 
192.168.43.85, 200 
192.168.43.85, 200 
192.168.43.85, 200 
192.168.43.85, 200 
192.168.43.85, 200 
192.168.43.85, 200 
192.168.43.85, 200 
192.168.43.85, 200 
192.168.43.85, 200 
192.168.43.85, 200 
192.168.43.85, 200 
192.168.43.85, 200 
192.168.43.85, 200 
192.168.43.85, 200 
192.168.43.85, 200 
192.168.43.85, 200 
192.168.43.85, 200 
192.168.43.85, 200 
192.168.43.85, 200 
192.168.43.85, 200 
192.168.43.85, 200 
192.168.43.85, 200 
192.168.43.85, 200 
192.168.43.85, 200 
192.168.43.85, 200 
192.168.43.85, 200 
192.168.43.85, 200 
192.168.43.85, 200 
192.168.43.85, 200 
192.168.43.85, 200 
192.168.43.85, 200 
192.168.43.85, 200 
192.168.43.85, 200 
192.168.43.85, 200 
192.168.43.85, 200 
192.168.43.85, 200 
192.168.43.85, 200 
192.168.43.85, 200 
192.168.43.85, 200 
192.168.43.85, 200 
192.168.43.85, 200 
192.168.43.85, 200 
192.168.43.101, 200 
192.168.43.101, 200 
192.168.43.101, 200 
192.168.43.101, 200 
192.168.43.101, 200 
192.168.43.101, 200 
192.168.43.101, 200 
192.168.43.101, 200 
192.168.43.101, 200 
192.168.43.101, 200 
192.168.43.101, 200 
192.168.43.101, 200 
192.168.43.101, 200 
192.168.43.101, 200 
192.168.43.101, 200 
192.168.43.101, 200 
192.168.43.101, 200 
192.168.43.101, 200 
192.168.43.101, 200 
192.168.43.101, 200 
192.168.43.101, 200 
192.168.43.101, 200 
192.168.43.101, 200 
192.168.43.101, 200 
192.168.43.101, 200 
192.168.43.101, 200 
192.168.43.101, 200 
192.168.43.101, 200 
192.168.43.101, 200 
192.168.43.101, 200 
192.168.43.92, 200 
192.168.43.92, 200 
192.168.43.92, 200 
192.168.43.92, 200 
192.168.43.92, 200 
192.168.43.92, 200 
192.168.43.92, 200 
192.168.43.92, 200 
192.168.43.92, 200 
192.168.43.92, 200 
192.168.43.92, 200 
192.168.43.92, 200 
192.168.43.92, 200 
192.168.43.92, 200 
192.168.43.92, 200 
192.168.43.92, 200 
192.168.43.92, 200 
192.168.43.92, 200 
192.168.43.92, 200 
192.168.43.92, 200 
192.168.43.92, 200 
192.168.43.92, 200 
192.168.43.92, 200 
192.168.43.92, 200 
192.168.43.92, 200 
192.168.43.92, 200 
192.168.43.92, 200 
192.168.43.92, 200 
192.168.43.92, 200 
192.168.43.92, 200 
192.168.43.92, 200 
192.168.43.92, 200 
192.168.43.92, 200 
192.168.43.92, 200 
192.168.43.92, 200 
192.168.43.92, 200 
192.168.43.92, 200 
192.168.43.92, 200 
192.168.43.92, 200 
192.168.43.92, 200 
192.168.43.92, 200 
192.168.43.92, 200 
192.168.43.92, 200 
192.168.43.92, 200 
192.168.43.92, 200 
192.168.43.92, 200 
192.168.43.92, 200 
192.168.43.92, 200 
192.168.43.92, 200 
192.168.43.92, 200 
192.168.43.100, 200 
192.168.43.100, 200 
192.168.43.100, 200 
192.168.43.100, 200 
192.168.43.100, 200 
192.168.43.100, 200 
192.168.43.100, 200 
192.168.43.100, 200 
192.168.43.100, 200 
192.168.43.100, 200 
192.168.43.100, 200 
192.168.43.100, 200 
192.168.43.100, 200 
192.168.43.100, 200 
192.168.43.100, 200 
192.168.43.100, 200 
192.168.43.100, 200 
192.168.43.100, 200 
192.168.43.100, 200 
192.168.43.100, 200 
192.168.43.100, 200 
192.168.43.100, 200 
192.168.43.100, 200 
192.168.43.100, 200 
192.168.43.100, 200 
192.168.43.100, 200 
192.168.43.100, 200 
192.168.43.100, 200 
192.168.43.100, 200 
192.168.43.100, 200 
192.168.43.100, 200 
192.168.43.100, 200 
192.168.43.100, 200 
192.168.43.100, 200 
192.168.43.100, 200 
192.168.43.100, 200 
192.168.43.100, 200 
192.168.43.100, 200 
192.168.43.100, 200 
192.168.43.100, 200 
192.168.43.100, 200 
192.168.43.100, 200 
192.168.43.100, 200 
192.168.43.100, 200 
192.168.43.100, 200 
192.168.43.100, 200 
192.168.43.100, 200 
192.168.43.100, 200 
192.168.43.100, 200 
192.168.43.100, 200 
192.168.43.100, 200 
192.168.43.100, 200 
192.168.43.100, 200 
192.168.43.100, 200 
192.168.43.100, 200 
192.168.43.100, 200 
192.168.43.100, 200 
192.168.43.100, 200 
192.168.43.100, 200 
192.168.43.100, 200 
192.168.43.100, 200 
192.168.43.100, 200 
192.168.43.100, 200 
192.168.43.100, 200 
192.168.43.100, 200 
192.168.43.100, 200 
192.168.43.100, 200 
192.168.43.100, 200 
192.168.43.100, 200 
192.168.43.100, 200 
192.168.43.100, 200 
192.168.43.100, 200 
192.168.43.100, 200 
192.168.43.100, 200 
192.168.43.100, 200 
192.168.43.100, 200 
192.168.43.100, 200 
192.168.43.100, 200 
192.168.43.100, 200 
192.168.43.100, 200 
192.168.43.100, 200 
192.168.43.100, 200 
192.168.43.100, 200 
192.168.43.100, 200 
192.168.43.100, 200 
192.168.43.100, 200 
192.168.43.100, 200 
192.168.43.100, 200 
192.168.43.100, 200 
192.168.43.100, 200 
192.168.43.100, 200 
192.168.43.100, 200 
192.168.43.100, 200 
192.168.43.100, 200 
192.168.43.100, 200 
192.168.43.100, 200 
192.168.43.100, 200 
192.168.43.100, 200 
192.168.43.100, 200 
192.168.43.100, 200 
192.168.43.100, 200 
192.168.43.100, 200 
192.168.43.100, 200 
192.168.43.100, 200 
192.168.43.100, 200 
192.168.43.100, 200 
192.168.43.100, 200 
192.168.43.100, 200 
192.168.43.100, 200 
192.168.43.100, 200 
192.168.43.100, 200 
192.168.43.100, 200 
192.168.43.100, 200 
192.168.43.100, 200 
192.168.43.100, 200 
192.168.43.100, 200 
192.168.43.100, 200 
192.168.43.100, 200 
192.168.43.100, 200 
192.168.43.100, 200 
192.168.43.100, 200 
192.168.43.100, 200 
192.168.43.100, 200 
192.168.43.100, 200 
192.168.43.100, 200 
192.168.43.100, 200 
192.168.43.100, 200 
192.168.43.100, 200 
192.168.43.100, 200 
192.168.43.100, 200 
192.168.43.100, 200 
192.168.43.100, 200 
192.168.43.100, 200 
192.168.43.100, 200 
192.168.43.100, 200 
192.168.43.100, 200 
192.168.43.100, 200 
192.168.43.100, 200 
192.168.43.100, 200 
192.168.43.100, 200 
192.168.43.100, 200 
192.168.43.100, 200 
192.168.43.100, 200 
192.168.43.100, 200 
192.168.43.100, 200 
192.168.43.100, 200 
192.168.43.100, 200 
192.168.43.100, 200 
192.168.43.100, 200 
192.168.43.100, 200 
192.168.43.100, 200 
192.168.43.100, 200 
192.168.43.100, 200 
192.168.43.100, 200 
192.168.43.100, 200 
192.168.43.100, 200 
192.168.43.100, 200 
192.168.43.100, 200 
192.168.43.100, 200 
192.168.43.100, 200 
192.168.43.100, 200 
192.168.43.100, 200 
192.168.43.100, 200 
192.168.43.100, 200 
192.168.43.100, 200 
192.168.43.100, 200 
192.168.43.100, 200 
192.168.43.100, 200 
192.168.43.100, 200 
192.168.43.100, 200 
192.168.43.100, 200 
192.168.43.100, 200 
192.168.43.100, 200 
192.168.43.100, 200 
192.168.43.100, 200 
192.168.43.100, 200 
192.168.43.100, 200 
192.168.43.100, 200 
192.168.43.100, 200 
192.168.43.100, 200 
192.168.43.100, 200 
192.168.43.100, 200 
192.168.43.100, 200 
192.168.43.100, 200 
192.168.43.100, 200 
192.168.43.100, 200 
192.168.43.100, 200 
192.168.43.100, 200 
192.168.43.100, 200 
192.168.43.100, 200 
192.168.43.100, 200 
192.168.43.100, 200 
192.168.43.100, 200 
192.168.43.100, 200 
192.168.43.100, 200 
192.168.43.100, 200 
192.168.43.100, 200 
192.168.43.100, 200 
192.168.43.100, 200 
192.168.43.100, 200 
192.168.43.100, 200 
192.168.43.100, 200 
192.168.43.100, 200 
192.168.43.100, 200 
192.168.43.100, 200 
192.168.43.100, 200 
192.168.43.100, 200 
192.168.43.100, 200 
192.168.43.100, 200 
192.168.43.100, 200 
192.168.43.100, 200 
192.168.43.100, 200 
192.168.43.100, 200 
192.168.43.100, 200 
192.168.43.100, 200 
192.168.43.100, 200 
192.168.43.100, 200 
192.168.43.100, 200 
192.168.43.100, 200 
192.168.43.100, 200 
192.168.43.100, 200 
192.168.43.100, 200 
192.168.43.100, 200 
192.168.43.100, 200 
192.168.43.100, 200 
192.168.43.100, 200 
192.168.43.100, 200 
192.168.43.100, 200 
192.168.43.100, 200 
192.168.43.100, 200 
192.168.43.1, 200 
192.168.43.1, 404 
192.168.43.1, 304 
192.168.43.1, 304 
192.168.43.1, 304 
192.168.43.1, 304 
192.168.43.1, 304 
192.168.43.1, 304 
192.168.43.1, 304 
192.168.43.1, 304 
192.168.43.1, 304 
192.168.43.1, 304 
192.168.43.1, 304 
192.168.43.1, 304 
192.168.43.1, 304 
192.168.43.1, 304 
192.168.43.1, 304 
192.168.43.1, 408 
192.168.43.108, 200 
192.168.43.108, 200 
192.168.43.108, 200 
192.168.43.108, 200 
192.168.43.108, 200 
192.168.43.108, 200 
192.168.43.108, 200 
192.168.43.108, 200 
192.168.43.108, 200 
192.168.43.108, 200 
192.168.43.108, 200 
192.168.43.108, 200 
192.168.43.108, 200 
192.168.43.108, 200 
192.168.43.108, 200 
192.168.43.108, 200 
192.168.43.108, 200 
192.168.43.108, 200 
192.168.43.108, 200 
192.168.43.108, 200 
192.168.43.108, 200 
192.168.43.108, 200 
192.168.43.108, 200 
192.168.43.108, 200 
192.168.43.108, 200 
192.168.43.108, 200 
192.168.43.108, 200 
192.168.43.108, 200 
192.168.43.108, 200 
192.168.43.108, 200 
192.168.43.108, 200 
192.168.43.108, 200 
192.168.43.108, 200 
192.168.43.108, 200 
192.168.43.108, 200 
192.168.43.108, 200 
192.168.43.108, 200 
192.168.43.108, 200 
192.168.43.108, 200 
192.168.43.108, 200 
192.168.43.108, 200 
192.168.43.108, 200 
192.168.43.108, 200 
192.168.43.108, 200 
192.168.43.108, 200 
192.168.43.108, 200 
192.168.43.108, 200 
192.168.43.108, 200 
192.168.43.108, 200 
192.168.43.108, 200 
192.168.43.108, 200 
192.168.43.108, 200 
192.168.43.108, 200 
192.168.43.108, 200 
192.168.43.108, 200 
192.168.43.108, 200 
192.168.43.108, 200 
192.168.43.108, 200 
192.168.43.108, 200 
192.168.43.108, 200 
192.168.43.108, 200 
192.168.43.108, 200 
192.168.43.108, 200 
192.168.43.108, 200 
192.168.43.108, 200 
192.168.43.108, 200 
192.168.43.108, 200 
192.168.43.108, 200 
192.168.43.108, 200 
192.168.43.108, 200 
192.168.43.108, 200 
192.168.43.108, 200 
192.168.43.108, 200 
192.168.43.108, 200 
192.168.43.108, 200 
192.168.43.108, 200 
192.168.43.108, 200 
192.168.43.108, 200 
192.168.43.108, 200 
192.168.43.108, 200 
192.168.43.108, 200 
192.168.43.108, 200 
192.168.43.108, 200 
192.168.43.108, 200 
192.168.43.108, 200 
192.168.43.108, 200 
192.168.43.108, 200 
192.168.43.108, 200 
192.168.43.108, 200 
192.168.43.108, 200 
192.168.43.108, 200 
192.168.43.108, 200 
192.168.43.108, 200 
192.168.43.108, 200 
192.168.43.108, 200 
192.168.43.108, 200 
192.168.43.108, 200 
192.168.43.108, 200 
192.168.43.108, 200 
192.168.43.108, 200 
192.168.43.108, 200 
192.168.43.108, 200 
192.168.43.108, 200 
192.168.43.108, 200 
192.168.43.108, 200 
192.168.43.108, 200 
192.168.43.108, 200 
192.168.43.108, 200 
192.168.43.108, 200 
192.168.43.108, 200 
192.168.43.108, 200 
192.168.43.108, 200 
192.168.43.108, 200 
192.168.43.108, 200 
192.168.43.108, 200 
192.168.43.108, 200 
192.168.43.108, 200 
192.168.43.108, 200 
192.168.43.108, 200 
192.168.43.108, 200 
192.168.43.108, 200 
192.168.43.108, 200 
192.168.43.108, 200 
192.168.43.108, 200 
192.168.43.108, 200 
192.168.43.108, 200 
192.168.43.108, 200 
192.168.43.108, 200 
192.168.43.108, 200 
192.168.43.108, 200 
192.168.43.108, 200 
192.168.43.108, 200 
192.168.43.108, 200 
192.168.43.108, 200 
192.168.43.108, 200 
192.168.43.108, 200 
192.168.43.108, 200 
192.168.43.108, 200 
192.168.43.108, 200 
192.168.43.108, 200 
192.168.43.108, 200 
192.168.43.108, 200 
192.168.43.108, 200 
192.168.43.108, 200 
192.168.43.108, 200 
192.168.43.108, 200 
192.168.43.108, 200 
192.168.43.108, 200 
192.168.43.108, 200 
192.168.43.108, 200 
192.168.43.108, 200 
192.168.43.108, 200 
192.168.43.108, 200 
192.168.43.108, 200 
192.168.43.108, 200 
192.168.43.108, 200 
192.168.43.108, 200 
192.168.43.108, 200 
192.168.43.108, 200 
192.168.43.108, 200 
192.168.43.108, 200 
192.168.43.108, 200 
192.168.43.108, 200 
192.168.43.108, 200 
192.168.43.108, 200 
192.168.43.108, 200 
192.168.43.108, 200 
192.168.43.108, 200 
192.168.43.108, 200 
192.168.43.108, 200 
192.168.43.108, 200 
192.168.43.108, 200 
192.168.43.108, 200 
192.168.43.108, 200 
192.168.43.108, 200 
192.168.43.108, 200 
192.168.43.108, 200 
192.168.43.108, 200 
192.168.43.108, 200 
192.168.43.108, 200 
192.168.43.108, 200 
192.168.43.108, 200 
192.168.43.108, 200 
192.168.43.108, 200 
192.168.43.108, 200 
192.168.43.108, 200 
192.168.43.108, 200 
192.168.43.108, 200 
192.168.43.108, 200 
192.168.43.108, 200 
192.168.43.108, 200 
192.168.43.108, 200 
192.168.43.108, 200 
192.168.43.108, 200 
192.168.43.108, 200 
192.168.43.108, 200 
192.168.43.108, 200 
192.168.43.108, 200 
192.168.43.108, 200 
192.168.43.108, 200 
192.168.43.108, 200 
192.168.43.108, 200 
192.168.43.108, 200 
192.168.43.108, 200 
192.168.43.108, 200 
192.168.43.108, 200 
192.168.43.108, 200 
192.168.43.108, 200 
192.168.43.108, 200 
192.168.43.108, 200 
192.168.43.108, 200 
192.168.43.108, 200 
192.168.43.108, 200 
192.168.43.108, 200 
192.168.43.108, 200 
192.168.43.108, 200 
192.168.43.108, 200 
192.168.43.108, 200 
192.168.43.108, 200 
192.168.43.108, 200 
192.168.43.108, 200 
192.168.43.108, 200 
192.168.43.108, 200 
192.168.43.108, 200 
192.168.43.108, 200 
192.168.43.108, 200 
192.168.43.108, 200 
192.168.43.108, 200 
192.168.43.108, 200 
192.168.43.108, 200 
192.168.43.108, 200 
192.168.43.108, 200 
192.168.43.108, 200 
192.168.43.108, 200 
192.168.43.108, 200 
192.168.43.108, 200 
192.168.43.108, 200 
192.168.43.108, 200 
192.168.43.108, 200 
192.168.43.108, 200 
192.168.43.108, 200 
192.168.43.108, 200 
192.168.43.108, 200 
192.168.43.108, 200 
192.168.43.108, 200 
192.168.43.108, 200 
192.168.43.108, 200 
192.168.43.108, 200 
192.168.43.108, 200 
192.168.43.108, 200 
192.168.43.108, 200 
192.168.43.108, 200 
192.168.43.108, 200 
192.168.43.108, 200 
192.168.43.108, 200 
192.168.43.108, 200 
192.168.43.108, 200 
192.168.43.108, 200 
192.168.43.108, 200 
192.168.43.108, 200 
192.168.43.108, 200 
192.168.43.108, 200 
192.168.43.108, 200 
192.168.43.108, 200 
192.168.43.108, 200 
192.168.43.108, 200 
192.168.43.108, 200 
192.168.43.108, 200 
192.168.43.108, 200 
192.168.43.108, 200 
